[
    {   "title": "Rice dish with shrimp",
    "author": "Joe Sippy",
    "created_on": "25th January, 2021",
    "description": "Rice with shrimps",
    "story": "Fry the onions to golden brown and keep aside and crush it when cold. In the same oil fry the potatoes. Prepare a mixture of crushed onions, potatoes, yogurt, mint, garlic, ginger, red chili powder, salt, and green chilies (if used).Marinate the shrimp in the mixture prepared above for at least 3 hours.In a separate vessel boil the rice along with cinnamon, cloves, bay leaves, cardamom, black peppercorns, garam masala and salt till the rice is half cooked.In a big pot spread one thin layer of rice and marinated chicken. On the top put the remaining rice and remaining oil.Sprinkle the saffron powder mixed with milk 2 or 3 places on top of the rice.Cover the pot tightly and put something heavy on it.Initially cook on high flame for 5-6 min , later simmer and continue cooking for another 30 minutes.",
            "moral": "To prepare this dish you will need vegetables, spices, rice, shrimp.",
            "image" : "../assets/story_image_1.png"

    },
    {  
 "title": "Chicken stuffed with herb- infused freekeh",
    "author": "Joe Sippy",
    "created_on": "25th January, 2021",
    "description": "Chicken with freekeh",
      "story": "Preheat the oven to 400oF (200oC). In a bowl, combine all the ingredients, except your poultry and yogurt dip, and taste for flavor. Place the mixture into the cavities of your poultry of choice and place in a deep baking dish.Season your poultry with extra salt and pepper, and drizzle of olive oil on top. Add water to the bottom of the dish so the lower half of the chicken is submerged. Cover the dish with aluminum foil and roast for about one hour or until cooked through. The liquid will combine flavors from the poultry, herbs and freekeh, creating a delicious sauce.Once cooked, ladle sauce over each hen, or whole chicken, and serve with a little yogurt dip alongside",
                 "moral": "To prepare this dish you will need spices, herbs, chicken, freekeh.",
                 "image" : "../assets/story_image_2.png"
    },

    { 

   "title": "Chicken Yassa",
    "author": "Joe Sippy",
    "created_on": "14th February, 2021",
    "description": "Easy Chicken Yassa", 
    "story" : "1-Add all the ingredients except for the oil to a large non-reactive bowl and mix together. Refrigerate and marinate for at least 4 hours, preferably overnight.2-Remove the chicken pieces, wipe dry, and grill, broil or saute them until well browned. Set aside.3-Heat the oil in a large pot over medium flame. Remove the onions from the marinade and add them to the pot. Saute for 8 to 10 minutes until they are well wilted and starting to brown.4-Add the rest of the marinade and the browned chicken pieces to the onions, reduce heat to medium-low heat and simmer until cooked through and tender, about 30 to 40 minutes.5-Adjust seasoning and serve with rice, fufu or couscous..",
                     "moral": "To prepare this dish you will need chicken, vegetables, spices.",
                     "image" : "../assets/story_image_3.png"
    },

    {
       "title": "CUBAN-STYLE SHRIMP CREOLE RECIPE",
    "author": "Joe Sippy",
    "created_on": "25th January, 2021",
    "description": "Tasty Shrimp",
          "story": "1-In a dutch oven or large pot, heat olive oil over medium heat. Add onions, green peppers and garlic. Sauté for 2 minutes.?2-Stir in tomato sauce, wine (or stock), vinegar, pimientos, bay leaf, parsley, oregano, salt and pepper. Bring to a boil then cover. Reduce heat to low and simmer for 15 minutes.3-Add shrimp and cook for 3-4 minutes, stirring occasionally until they are fully cooked. Serve over rice or with veggies. Enjoy!.",
                     "moral": "To prepare this dish you will need vegetables, spices, shrimp, vinegar.",
                     "image" : "../assets/story_image_4.png"


    }
]